pathway,pval,FDR,ES,NES,nMoreExtreme,size,leadingEdge,padj
Cell cycle%WikiPathways_20200210%WP1393%Danio rerio,1.4010704177991985e-5,4.241142144689375e-4,-0.6996558075314896,-2.108960687055481,0,71,