pathway,ES,NES,size,padj
utr3_High,-0.40766611471377273,-1.2317224992074436,72,0.6087969787586517
utr5_High,0.36555457593532886,1.1139300182795586,39,1
utr3_All,-0.25765166882720986,-0.9627374446854322,883,1
utr5_All,-0.26139624395335875,-0.9260256481474475,306,1
